{"version":1,"index":0,"parentId":"79D03925-1682-4882-B4B4-A0084139F374","color":{"r":0.25490196078431371,"b":0.019607843137254902,"g":0.45882352941176469,"a":1}}